{"Scene":{"Info":{"Number of GameObjects":1},"GameObject0":{"UUID":1954744958,"Parent":-1,"Name":"MainCamera","Number of Components":2,"Components":{"Component 0":{"Type":0,"Position":[0,14.500000953674316,0],"Rotation":[17.5,0,0],"Scale":[1,1,1]},"Component 1":{"Type":3,"Position":[0,14.500000953674316,0],"Front":[0,0.30070710182189941,-0.95372557640075684],"Up":[0,0.95289897918701172,0.30044648051261902],"Near Plane":0.20000000298023224,"Far Plane":1000,"Vertical Pov":1.0471975803375244}}}}}