{"Scene":{"Info":{"Number of GameObjects":35},"GameObject0":{"UUID":1076722387,"Parent":-1,"Name":"MainCamera","Number of Components":2,"Components":{"Component 0":{"Type":0,"Position":[0,0,0],"Rotation":[0,0,0],"Scale":[1,1,1]},"Component 1":{"Type":3,"Position":[0,0,0],"Front":[0,0,-1],"Up":[0,-1,0],"Near Plane":0.20000000298023224,"Far Plane":1000,"Vertical Pov":1.0471975803375244}}},"GameObject1":{"UUID":277639498,"Parent":-1,"Name":"Street environment_V01.FBX","Number of Components":1,"Components":{"Component 0":{"Type":0,"Position":[0,0,0],"Rotation":[0,0,0],"Scale":[1,1,1]}}},"GameObject2":{"UUID":39183611,"Parent":277639498,"Name":"City_building_004","Number of Components":3,"Components":{"Component 0":{"Type":0,"Position":[-41.47589111328125,21.01409912109375,0],"Rotation":[0,0,0],"Scale":[1,1,1]},"Component 1":{"Type":1,"UUID":697949741,"Primitive":false,"Directory Mesh":725873205},"Component 2":{"Type":2}}},"GameObject3":{"UUID":1433224101,"Parent":277639498,"Name":"City_building_001","Number of Components":3,"Components":{"Component 0":{"Type":0,"Position":[17.707164764404297,20.053276062011719,2.1210729528320371e-07],"Rotation":[0,0,0],"Scale":[1,1,1]},"Component 1":{"Type":1,"UUID":1814961513,"Primitive":false,"Directory Mesh":797041668},"Component 2":{"Type":2}}},"GameObject4":{"UUID":2008012995,"Parent":277639498,"Name":"City_building_007","Number of Components":3,"Components":{"Component 0":{"Type":0,"Position":[16.010492324829102,37.4932861328125,-1.5106878663573298e-06],"Rotation":[0,0,0],"Scale":[1,1,1]},"Component 1":{"Type":1,"UUID":834788842,"Primitive":false,"Directory Mesh":2075313324},"Component 2":{"Type":2}}},"GameObject5":{"UUID":541676397,"Parent":277639498,"Name":"City_building_008","Number of Components":3,"Components":{"Component 0":{"Type":0,"Position":[40.979995727539063,18.270824432373047,-2.0522466002148576e-06],"Rotation":[0,1.5707962512969971,0],"Scale":[1,1,1]},"Component 1":{"Type":1,"UUID":92110570,"Primitive":false,"Directory Mesh":1477940352},"Component 2":{"Type":2}}},"GameObject6":{"UUID":1153784234,"Parent":277639498,"Name":"Line002","Number of Components":3,"Components":{"Component 0":{"Type":0,"Position":[-2.1597719192504883,1.8538382053375244,0],"Rotation":[0,-1.5707962512969971,0],"Scale":[1,1,1]},"Component 1":{"Type":1,"UUID":986339279,"Primitive":false,"Directory Mesh":953089757},"Component 2":{"Type":2}}},"GameObject7":{"UUID":2112247091,"Parent":277639498,"Name":"Plane001","Number of Components":3,"Components":{"Component 0":{"Type":0,"Position":[-0.02860260009765625,0.026032090187072754,0],"Rotation":[0,0,0],"Scale":[0.99663525819778442,0.97061645984649658,0.99663525819778442]},"Component 1":{"Type":1,"UUID":1369543245,"Primitive":false,"Directory Mesh":2127964867},"Component 2":{"Type":2}}},"GameObject8":{"UUID":440166171,"Parent":277639498,"Name":"City_building_010","Number of Components":3,"Components":{"Component 0":{"Type":0,"Position":[25.154010772705078,-39.153720855712891,8.5538641769744572e-07],"Rotation":[0,1.5707962512969971,0],"Scale":[1,1,1]},"Component 1":{"Type":1,"UUID":217348501,"Primitive":false,"Directory Mesh":1473262678},"Component 2":{"Type":2}}},"GameObject9":{"UUID":1906957024,"Parent":277639498,"Name":"City_building_010","Number of Components":3,"Components":{"Component 0":{"Type":0,"Position":[25.154010772705078,-39.153720855712891,8.5538641769744572e-07],"Rotation":[0,1.5707962512969971,0],"Scale":[1,1,1]},"Component 1":{"Type":1,"UUID":373459423,"Primitive":false,"Directory Mesh":536130847},"Component 2":{"Type":2}}},"GameObject10":{"UUID":552430480,"Parent":277639498,"Name":"City_building_011","Number of Components":3,"Components":{"Component 0":{"Type":0,"Position":[30.134540557861328,37.4932861328125,-1.5106878663573298e-06],"Rotation":[0,0,0],"Scale":[1,1,1]},"Component 1":{"Type":1,"UUID":1477813957,"Primitive":false,"Directory Mesh":869253126},"Component 2":{"Type":2}}},"GameObject11":{"UUID":35229139,"Parent":277639498,"Name":"City_building_013","Number of Components":3,"Components":{"Component 0":{"Type":0,"Position":[-42.288055419921875,33.201576232910156,5.0146070407208754e-07],"Rotation":[0,1.5707962512969971,0],"Scale":[1,1,1]},"Component 1":{"Type":1,"UUID":261561445,"Primitive":false,"Directory Mesh":1323557135},"Component 2":{"Type":2}}},"GameObject12":{"UUID":995486712,"Parent":277639498,"Name":"City_building_014","Number of Components":3,"Components":{"Component 0":{"Type":0,"Position":[-19.439706802368164,32.061729431152344,0],"Rotation":[-0,-3.1415925025939941,0],"Scale":[1,1,1]},"Component 1":{"Type":1,"UUID":1040636521,"Primitive":false,"Directory Mesh":887554365},"Component 2":{"Type":2}}},"GameObject13":{"UUID":727986887,"Parent":277639498,"Name":"City_building_016","Number of Components":3,"Components":{"Component 0":{"Type":0,"Position":[34.270423889160156,-41.972747802734375,8.5538641769744572e-07],"Rotation":[-0,-3.1415925025939941,0],"Scale":[1,1,1]},"Component 1":{"Type":1,"UUID":413506980,"Primitive":false,"Directory Mesh":1024421961},"Component 2":{"Type":2}}},"GameObject14":{"UUID":1201946264,"Parent":277639498,"Name":"City_building_016","Number of Components":3,"Components":{"Component 0":{"Type":0,"Position":[34.270423889160156,-41.972747802734375,8.5538641769744572e-07],"Rotation":[-0,-3.1415925025939941,0],"Scale":[1,1,1]},"Component 1":{"Type":1,"UUID":1853056942,"Primitive":false,"Directory Mesh":72689196},"Component 2":{"Type":2}}},"GameObject15":{"UUID":1223042384,"Parent":277639498,"Name":"City_building_017","Number of Components":3,"Components":{"Component 0":{"Type":0,"Position":[44.260082244873047,-39.153720855712891,8.5538641769744572e-07],"Rotation":[0,1.5707962512969971,0],"Scale":[1,1,1]},"Component 1":{"Type":1,"UUID":1707212914,"Primitive":false,"Directory Mesh":1710679575},"Component 2":{"Type":2}}},"GameObject16":{"UUID":1927112102,"Parent":277639498,"Name":"City_building_017","Number of Components":3,"Components":{"Component 0":{"Type":0,"Position":[44.260082244873047,-39.153720855712891,8.5538641769744572e-07],"Rotation":[0,1.5707962512969971,0],"Scale":[1,1,1]},"Component 1":{"Type":1,"UUID":1283323370,"Primitive":false,"Directory Mesh":703719709},"Component 2":{"Type":2}}},"GameObject17":{"UUID":977937631,"Parent":277639498,"Name":"City_building_022","Number of Components":3,"Components":{"Component 0":{"Type":0,"Position":[-20.831323623657227,-27.426488876342773,0],"Rotation":[0,3.141592264175415,0],"Scale":[1,1,1]},"Component 1":{"Type":1,"UUID":1174263363,"Primitive":false,"Directory Mesh":1704360854},"Component 2":{"Type":2}}},"GameObject18":{"UUID":98101349,"Parent":277639498,"Name":"City_building_023","Number of Components":3,"Components":{"Component 0":{"Type":0,"Position":[42.130641937255859,37.4932861328125,-1.5106878663573298e-06],"Rotation":[0,0,0],"Scale":[1,1,1]},"Component 1":{"Type":1,"UUID":916021269,"Primitive":false,"Directory Mesh":1490017422},"Component 2":{"Type":2}}},"GameObject19":{"UUID":157885080,"Parent":277639498,"Name":"City_building_024","Number of Components":3,"Components":{"Component 0":{"Type":0,"Position":[-20.572771072387695,43.060829162597656,-0.069194458425045013],"Rotation":[0,3.1415925025939941,0],"Scale":[1,1,1]},"Component 1":{"Type":1,"UUID":1295849334,"Primitive":false,"Directory Mesh":1640999712},"Component 2":{"Type":2}}},"GameObject20":{"UUID":1910928752,"Parent":277639498,"Name":"City_building_026","Number of Components":3,"Components":{"Component 0":{"Type":0,"Position":[31.51188850402832,-16.446016311645508,0],"Rotation":[0,3.1415925025939941,0],"Scale":[1,1,1]},"Component 1":{"Type":1,"UUID":2011227695,"Primitive":false,"Directory Mesh":1112936462},"Component 2":{"Type":2}}},"GameObject21":{"UUID":391953495,"Parent":277639498,"Name":"City_building_028","Number of Components":3,"Components":{"Component 0":{"Type":0,"Position":[13.38798999786377,-33.755039215087891,-9.3834518111179932e-07],"Rotation":[0,0,0],"Scale":[1,1,1]},"Component 1":{"Type":1,