{"Scene":{"Info":{"Number of GameObjects":3},"GameObject0":{"UUID":1484582321,"Parent":-1,"Name":"BakerHouse.fbx","Number of Components":1,"Components":{"Component 0":{"Type":0,"Position":[0,0,0],"Rotation":[-0,0,-0],"Scale":[1,1,1]}}},"GameObject1":{"UUID":1865323878,"Parent":1484582321,"Name":"Chimney","Number of Components":3,"Components":{"Component 0":{"Type":0,"Position":[0,0,0],"Rotation":[-1.5097099542617798,0,0],"Scale":[5.5000004768371582,5.5000004768371582,5.5000004768371582]},"Component 1":{"Type":1,"UUID":935125207,"Primitive":false,"Directory Mesh":1585949311},"Component 2":{"Type":2,"Num Textures":1,"Directory Material":"91417532.dds"}}},"GameObject2":{"UUID":357786979,"Parent":1484582321,"Name":"Baker_house","Number of Components":3,"Components":{"Component 0":{"Type":0,"Position":[0,0,0],"Rotation":[-1.5707964897155762,0,0],"Scale":[5.5000004768371582,5.5000004768371582,5.5000004768371582]},"Component 1":{"Type":1,"UUID":824443406,"Primitive":false,"Directory Mesh":1189612573},"Component 2":{"Type":2,"Num Textures":1,"Directory Material":"91417532.dds"}}}}}